"id","date","staff_id","project_id","task_id","period"
1,2025/08/11,2,1,2,"08:30:00"
2,2025/08/11,2,1,2,"09:00:00"
3,2025/08/11,2,1,2,"09:30:00"
4,2025/08/11,2,1,2,"10:00:00"
5,2025/08/11,2,1,2,"10:30:00"
6,2025/08/11,2,1,2,"11:00:00"
7,2025/08/11,2,1,2,"11:30:00"
8,2025/08/11,2,1,2,"13:00:00"
9,2025/08/11,2,1,2,"13:30:00"
10,2025/08/11,2,1,2,"14:00:00"
11,2025/08/11,2,1,2,"14:30:00"
12,2025/08/11,2,1,2,"15:00:00"
13,2025/08/11,2,1,2,"15:30:00"
14,2025/08/11,2,1,2,"16:00:00"
15,2025/08/11,2,1,2,"16:30:00"
16,2025/08/11,2,1,2,"17:00:00"
17,2025/08/12,2,1,2,"08:30:00"
18,2025/08/12,2,1,2,"09:00:00"
19,2025/08/12,2,1,2,"09:30:00"
20,2025/08/12,2,1,2,"10:00:00"
21,2025/08/12,2,1,2,"10:30:00"
22,2025/08/12,2,1,2,"11:00:00"
23,2025/08/12,2,1,2,"11:30:00"
24,2025/08/12,2,1,2,"13:00:00"
25,2025/08/12,2,1,2,"13:30:00"
26,2025/08/12,2,1,2,"14:00:00"
27,2025/08/12,2,1,2,"14:30:00"
28,2025/08/12,2,1,2,"15:00:00"
29,2025/08/12,2,1,2,"15:30:00"
30,2025/08/12,2,1,2,"16:00:00"
31,2025/08/12,2,1,2,"16:30:00"
32,2025/08/12,2,1,2,"17:00:00"
33,2025/08/13,2,1,2,"08:30:00"
34,2025/08/13,2,1,2,"09:00:00"
35,2025/08/13,2,1,2,"09:30:00"
36,2025/08/13,2,1,2,"10:00:00"
37,2025/08/13,2,1,2,"10:30:00"
38,2025/08/13,2,1,2,"11:00:00"
39,2025/08/13,2,1,2,"11:30:00"
40,2025/08/13,2,1,2,"13:00:00"
41,2025/08/13,2,1,2,"13:30:00"
42,2025/08/13,2,1,2,"14:00:00"
43,2025/08/13,2,1,2,"14:30:00"
44,2025/08/13,2,1,2,"15:00:00"
45,2025/08/13,2,1,2,"15:30:00"
46,2025/08/13,2,1,2,"16:00:00"
47,2025/08/13,2,1,2,"16:30:00"
48,2025/08/13,2,1,2,"17:00:00"
49,2025/08/14,2,1,2,"08:30:00"
50,2025/08/14,2,1,2,"09:00:00"
51,2025/08/14,2,1,2,"09:30:00"
52,2025/08/14,2,1,2,"10:00:00"
53,2025/08/14,2,1,2,"10:30:00"
54,2025/08/14,2,1,2,"11:00:00"
55,2025/08/14,2,1,2,"11:30:00"
56,2025/08/14,2,1,2,"13:00:00"
57,2025/08/14,2,1,2,"13:30:00"
58,2025/08/14,2,1,2,"14:00:00"
59,2025/08/14,2,1,2,"14:30:00"
60,2025/08/14,2,1,2,"15:00:00"
61,2025/08/14,2,1,2,"15:30:00"
62,2025/08/14,2,1,2,"16:00:00"
63,2025/08/14,2,1,2,"16:30:00"
64,2025/08/14,2,1,2,"17:00:00"
65,2025/08/15,2,1,2,"08:30:00"
66,2025/08/15,2,1,2,"09:00:00"
67,2025/08/15,2,1,2,"09:30:00"
68,2025/08/15,2,1,2,"10:00:00"
69,2025/08/15,2,1,2,"10:30:00"
70,2025/08/15,2,1,2,"11:00:00"
71,2025/08/15,2,1,2,"11:30:00"
72,2025/08/15,2,1,2,"13:00:00"
73,2025/08/15,2,1,2,"13:30:00"
74,2025/08/15,2,1,2,"14:00:00"
75,2025/08/15,2,1,2,"14:30:00"
76,2025/08/15,2,1,2,"15:00:00"
77,2025/08/15,2,1,2,"15:30:00"
78,2025/08/15,2,1,2,"16:00:00"
79,2025/08/15,2,1,2,"16:30:00"
80,2025/08/15,2,1,2,"17:00:00"
81,2025/08/11,3,1,2,"08:30:00"
82,2025/08/11,3,1,2,"09:00:00"
83,2025/08/11,3,1,2,"09:30:00"
84,2025/08/11,3,1,2,"10:00:00"
85,2025/08/11,3,1,2,"10:30:00"
86,2025/08/11,3,1,2,"11:00:00"
87,2025/08/11,3,1,2,"11:30:00"
88,2025/08/11,3,1,2,"13:00:00"
89,2025/08/11,3,1,2,"13:30:00"
90,2025/08/11,3,1,2,"14:00:00"
91,2025/08/11,3,1,2,"14:30:00"
92,2025/08/11,3,1,2,"15:00:00"
93,2025/08/11,3,1,2,"15:30:00"
94,2025/08/11,3,1,2,"16:00:00"
95,2025/08/11,3,1,2,"16:30:00"
96,2025/08/11,3,1,2,"17:00:00"
97,2025/08/12,3,1,2,"08:30:00"
98,2025/08/12,3,1,2,"09:00:00"
99,2025/08/12,3,1,2,"09:30:00"
100,2025/08/12,3,1,2,"10:00:00"
101,2025/08/12,3,1,2,"10:30:00"
102,2025/08/12,3,1,2,"11:00:00"
103,2025/08/12,3,1,2,"11:30:00"
104,2025/08/12,3,1,2,"13:00:00"
105,2025/08/12,3,1,2,"13:30:00"
106,2025/08/12,3,1,2,"14:00:00"
107,2025/08/12,3,1,2,"14:30:00"
108,2025/08/12,3,1,2,"15:00:00"
109,2025/08/12,3,1,2,"15:30:00"
110,2025/08/12,3,1,2,"16:00:00"
111,2025/08/12,3,1,2,"16:30:00"
112,2025/08/12,3,1,2,"17:00:00"
113,2025/08/13,3,1,2,"08:30:00"
114,2025/08/13,3,1,2,"09:00:00"
115,2025/08/13,3,1,2,"09:30:00"
116,2025/08/13,3,1,2,"10:00:00"
117,2025/08/13,3,1,2,"10:30:00"
118,2025/08/13,3,1,2,"11:00:00"
119,2025/08/13,3,1,2,"11:30:00"
120,2025/08/13,3,1,2,"13:00:00"
121,2025/08/13,3,1,2,"13:30:00"
122,2025/08/13,3,1,2,"14:00:00"
123,2025/08/13,3,1,2,"14:30:00"
124,2025/08/13,3,1,2,"15:00:00"
125,2025/08/13,3,1,2,"15:30:00"
126,2025/08/13,3,1,2,"16:00:00"
127,2025/08/13,3,1,2,"16:30:00"
128,2025/08/13,3,1,2,"17:00:00"
129,2025/08/14,3,1,2,"08:30:00"
130,2025/08/14,3,1,2,"09:00:00"
131,2025/08/14,3,1,2,"09:30:00"
132,2025/08/14,3,1,2,"10:00:00"
133,2025/08/14,3,1,2,"10:30:00"
134,2025/08/14,3,1,2,"11:00:00"
135,2025/08/14,3,1,2,"11:30:00"
136,2025/08/14,3,1,2,"13:00:00"
137,2025/08/14,3,1,2,"13:30:00"
138,2025/08/14,3,1,2,"14:00:00"
139,2025/08/14,3,1,2,"14:30:00"
140,2025/08/14,3,1,2,"15:00:00"
141,2025/08/14,3,1,2,"15:30:00"
142,2025/08/14,3,1,2,"16:00:00"
143,2025/08/14,3,1,2,"16:30:00"
144,2025/08/14,3,1,2,"17:00:00"
145,2025/08/15,3,1,2,"08:30:00"
146,2025/08/15,3,1,2,"09:00:00"
147,2025/08/15,3,1,2,"09:30:00"
148,2025/08/15,3,1,2,"10:00:00"
149,2025/08/15,3,1,2,"10:30:00"
150,2025/08/15,3,1,2,"11:00:00"
151,2025/08/15,3,1,2,"11:30:00"
152,2025/08/15,3,1,2,"13:00:00"
153,2025/08/15,3,1,2,"13:30:00"
154,2025/08/15,3,1,2,"14:00:00"
155,2025/08/15,3,1,2,"14:30:00"
156,2025/08/15,3,1,2,"15:00:00"
157,2025/08/15,3,1,2,"15:30:00"
158,2025/08/15,3,1,2,"16:00:00"
159,2025/08/15,3,1,2,"16:30:00"
160,2025/08/15,3,1,2,"17:00:00"
161,2025/08/11,4,1,2,"08:30:00"
162,2025/08/11,4,1,2,"09:00:00"
163,2025/08/11,4,1,2,"09:30:00"
164,2025/08/11,4,1,2,"10:00:00"
165,2025/08/11,4,1,2,"10:30:00"
166,2025/08/11,4,1,2,"11:00:00"
167,2025/08/11,4,1,2,"11:30:00"
168,2025/08/11,4,1,2,"13:00:00"
169,2025/08/11,4,1,2,"13:30:00"
170,2025/08/11,4,1,2,"14:00:00"
171,2025/08/11,4,1,2,"14:30:00"
172,2025/08/11,4,1,2,"15:00:00"
173,2025/08/11,4,1,2,"15:30:00"
174,2025/08/11,4,1,2,"16:00:00"
175,2025/08/11,4,1,2,"16:30:00"
176,2025/08/11,4,1,2,"17:00:00"
177,2025/08/12,4,1,2,"08:30:00"
178,2025/08/12,4,1,2,"09:00:00"
179,2025/08/12,4,1,2,"09:30:00"
180,2025/08/12,4,1,2,"10:00:00"
181,2025/08/12,4,1,2,"10:30:00"
182,2025/08/12,4,1,2,"11:00:00"
183,2025/08/12,4,1,2,"11:30:00"
184,2025/08/12,4,1,2,"13:00:00"
185,2025/08/12,4,1,2,"13:30:00"
186,2025/08/12,4,1,2,"14:00:00"
187,2025/08/12,4,1,2,"14:30:00"
188,2025/08/12,4,1,2,"15:00:00"
189,2025/08/12,4,1,2,"15:30:00"
190,2025/08/12,4,1,2,"16:00:00"
191,2025/08/12,4,1,2,"16:30:00"
192,2025/08/12,4,1,2,"17:00:00"
193,2025/08/13,4,1,2,"08:30:00"
194,2025/08/13,4,1,2,"09:00:00"
195,2025/08/13,4,1,2,"09:30:00"
196,2025/08/13,4,1,2,"10:00:00"
197,2025/08/13,4,1,2,"10:30:00"
198,2025/08/13,4,1,2,"11:00:00"
199,2025/08/13,4,1,2,"11:30:00"
200,2025/08/13,4,1,2,"13:00:00"
201,2025/08/13,4,1,2,"13:30:00"
202,2025/08/13,4,1,2,"14:00:00"
203,2025/08/13,4,1,2,"14:30:00"
204,2025/08/13,4,1,2,"15:00:00"
205,2025/08/13,4,1,2,"15:30:00"
206,2025/08/13,4,1,2,"16:00:00"
207,2025/08/13,4,1,2,"16:30:00"
208,2025/08/13,4,1,2,"17:00:00"
209,2025/08/14,4,1,2,"08:30:00"
210,2025/08/14,4,1,2,"09:00:00"
211,2025/08/14,4,1,2,"09:30:00"
212,2025/08/14,4,1,2,"10:00:00"
213,2025/08/14,4,1,2,"10:30:00"
214,2025/08/14,4,1,2,"11:00:00"
215,2025/08/14,4,1,2,"11:30:00"
216,2025/08/14,4,1,2,"13:00:00"
217,2025/08/14,4,1,2,"13:30:00"
218,2025/08/14,4,1,2,"14:00:00"
219,2025/08/14,4,1,2,"14:30:00"
220,2025/08/14,4,1,2,"15:00:00"
221,2025/08/14,4,1,2,"15:30:00"
222,2025/08/14,4,1,2,"16:00:00"
223,2025/08/14,4,1,2,"16:30:00"
224,2025/08/14,4,1,2,"17:00:00"
225,2025/08/15,4,1,2,"08:30:00"
226,2025/08/15,4,1,2,"09:00:00"
227,2025/08/15,4,1,2,"09:30:00"
228,2025/08/15,4,1,2,"10:00:00"
229,2025/08/15,4,1,2,"10:30:00"
230,2025/08/15,4,1,2,"11:00:00"
231,2025/08/15,4,1,2,"11:30:00"
232,2025/08/15,4,1,2,"13:00:00"
233,2025/08/15,4,1,2,"13:30:00"
234,2025/08/15,4,1,2,"14:00:00"
235,2025/08/15,4,1,2,"14:30:00"
236,2025/08/15,4,1,2,"15:00:00"
237,2025/08/15,4,1,2,"15:30:00"
238,2025/08/15,4,1,2,"16:00:00"
239,2025/08/15,4,1,2,"16:30:00"
240,2025/08/15,4,1,2,"17:00:00"
241,2025/08/11,5,1,2,"08:30:00"
242,2025/08/11,5,1,2,"09:00:00"
243,2025/08/11,5,1,2,"09:30:00"
244,2025/08/11,5,1,2,"10:00:00"
245,2025/08/11,5,1,2,"10:30:00"
246,2025/08/11,5,1,2,"11:00:00"
247,2025/08/11,5,1,2,"11:30:00"
248,2025/08/11,5,1,2,"13:00:00"
249,2025/08/11,5,1,2,"13:30:00"
250,2025/08/11,5,1,2,"14:00:00"
251,2025/08/11,5,1,2,"14:30:00"
252,2025/08/11,5,1,2,"15:00:00"
253,2025/08/11,5,1,2,"15:30:00"
254,2025/08/11,5,1,2,"16:00:00"
255,2025/08/11,5,1,2,"16:30:00"
256,2025/08/11,5,1,2,"17:00:00"
257,2025/08/12,5,1,2,"08:30:00"
258,2025/08/12,5,1,2,"09:00:00"
259,2025/08/12,5,1,2,"09:30:00"
260,2025/08/12,5,1,2,"10:00:00"
261,2025/08/12,5,1,2,"10:30:00"
262,2025/08/12,5,1,2,"11:00:00"
263,2025/08/12,5,1,2,"11:30:00"
264,2025/08/12,5,1,2,"13:00:00"
265,2025/08/12,5,1,2,"13:30:00"
266,2025/08/12,5,1,2,"14:00:00"
267,2025/08/12,5,1,2,"14:30:00"
268,2025/08/12,5,1,2,"15:00:00"
269,2025/08/12,5,1,2,"15:30:00"
270,2025/08/12,5,1,2,"16:00:00"
271,2025/08/12,5,1,2,"16:30:00"
272,2025/08/12,5,1,2,"17:00:00"
273,2025/08/13,5,1,2,"08:30:00"
274,2025/08/13,5,1,2,"09:00:00"
275,2025/08/13,5,1,2,"09:30:00"
276,2025/08/13,5,1,2,"10:00:00"
277,2025/08/13,5,1,2,"10:30:00"
278,2025/08/13,5,1,2,"11:00:00"
279,2025/08/13,5,1,2,"11:30:00"
280,2025/08/13,5,1,2,"13:00:00"
281,2025/08/13,5,1,2,"13:30:00"
282,2025/08/13,5,1,2,"14:00:00"
283,2025/08/13,5,1,2,"14:30:00"
284,2025/08/13,5,1,2,"15:00:00"
285,2025/08/13,5,1,2,"15:30:00"
286,2025/08/13,5,1,2,"16:00:00"
287,2025/08/13,5,1,2,"16:30:00"
288,2025/08/13,5,1,2,"17:00:00"
289,2025/08/14,5,1,2,"08:30:00"
290,2025/08/14,5,1,2,"09:00:00"
291,2025/08/14,5,1,2,"09:30:00"
292,2025/08/14,5,1,2,"10:00:00"
293,2025/08/14,5,1,2,"10:30:00"
294,2025/08/14,5,1,2,"11:00:00"
295,2025/08/14,5,1,2,"11:30:00"
296,2025/08/14,5,1,2,"13:00:00"
297,2025/08/14,5,1,2,"13:30:00"
298,2025/08/14,5,1,2,"14:00:00"
299,2025/08/14,5,1,2,"14:30:00"
300,2025/08/14,5,1,2,"15:00:00"
301,2025/08/14,5,1,2,"15:30:00"
302,2025/08/14,5,1,2,"16:00:00"
303,2025/08/14,5,1,2,"16:30:00"
304,2025/08/14,5,1,2,"17:00:00"
305,2025/08/15,5,1,2,"08:30:00"
306,2025/08/15,5,1,2,"09:00:00"
307,2025/08/15,5,1,2,"09:30:00"
308,2025/08/15,5,1,2,"10:00:00"
309,2025/08/15,5,1,2,"10:30:00"
310,2025/08/15,5,1,2,"11:00:00"
311,2025/08/15,5,1,2,"11:30:00"
312,2025/08/15,5,1,2,"13:00:00"
313,2025/08/15,5,1,2,"13:30:00"
314,2025/08/15,5,1,2,"14:00:00"
315,2025/08/15,5,1,2,"14:30:00"
316,2025/08/15,5,1,2,"15:00:00"
317,2025/08/15,5,1,2,"15:30:00"
318,2025/08/15,5,1,2,"16:00:00"
319,2025/08/15,5,1,2,"16:30:00"
320,2025/08/15,5,1,2,"17:00:00"
321,2025/08/11,11,2,2,"08:30:00"
322,2025/08/11,11,2,2,"09:00:00"
323,2025/08/11,11,2,2,"09:30:00"
324,2025/08/11,11,2,2,"10:00:00"
325,2025/08/11,11,2,2,"10:30:00"
326,2025/08/11,11,2,2,"11:00:00"
327,2025/08/11,11,2,2,"11:30:00"
328,2025/08/11,11,2,2,"13:00:00"
329,2025/08/11,11,2,2,"13:30:00"
330,2025/08/11,11,2,2,"14:00:00"
331,2025/08/11,11,2,2,"14:30:00"
332,2025/08/11,11,2,2,"15:00:00"
333,2025/08/11,11,2,2,"15:30:00"
334,2025/08/11,11,2,2,"16:00:00"
335,2025/08/11,11,2,2,"16:30:00"
336,2025/08/11,11,2,2,"17:00:00"
337,2025/08/12,11,2,2,"08:30:00"
338,2025/08/12,11,2,2,"09:00:00"
339,2025/08/12,11,2,2,"09:30:00"
340,2025/08/12,11,2,2,"10:00:00"
341,2025/08/12,11,2,2,"10:30:00"
342,2025/08/12,11,2,2,"11:00:00"
343,2025/08/12,11,2,2,"11:30:00"
344,2025/08/12,11,2,2,"13:00:00"
345,2025/08/12,11,2,2,"13:30:00"
346,2025/08/12,11,2,2,"14:00:00"
347,2025/08/12,11,2,2,"14:30:00"
348,2025/08/12,11,2,2,"15:00:00"
349,2025/08/12,11,2,2,"15:30:00"
350,2025/08/12,11,2,2,"16:00:00"
351,2025/08/12,11,2,2,"16:30:00"
352,2025/08/12,11,2,2,"17:00:00"
353,2025/08/13,11,2,2,"08:30:00"
354,2025/08/13,11,2,2,"09:00:00"
355,2025/08/13,11,2,2,"09:30:00"
356,2025/08/13,11,2,2,"10:00:00"
357,2025/08/13,11,2,2,"10:30:00"
358,2025/08/13,11,2,2,"11:00:00"
359,2025/08/13,11,2,2,"11:30:00"
360,2025/08/13,11,2,2,"13:00:00"
361,2025/08/13,11,2,2,"13:30:00"
362,2025/08/13,11,2,2,"14:00:00"
363,2025/08/13,11,2,2,"14:30:00"
364,2025/08/13,11,2,2,"15:00:00"
365,2025/08/13,11,2,2,"15:30:00"
366,2025/08/13,11,2,2,"16:00:00"
367,2025/08/13,11,2,2,"16:30:00"
368,2025/08/13,11,2,2,"17:00:00"
369,2025/08/14,11,2,2,"08:30:00"
370,2025/08/14,11,2,2,"09:00:00"
371,2025/08/14,11,2,2,"09:30:00"
372,2025/08/14,11,2,2,"10:00:00"
373,2025/08/14,11,2,2,"10:30:00"
374,2025/08/14,11,2,2,"11:00:00"
375,2025/08/14,11,2,2,"11:30:00"
376,2025/08/14,11,2,2,"13:00:00"
377,2025/08/14,11,2,2,"13:30:00"
378,2025/08/14,11,2,2,"14:00:00"
379,2025/08/14,11,2,2,"14:30:00"
380,2025/08/14,11,2,2,"15:00:00"
381,2025/08/14,11,2,2,"15:30:00"
382,2025/08/14,11,2,2,"16:00:00"
383,2025/08/14,11,2,2,"16:30:00"
384,2025/08/14,11,2,2,"17:00:00"
385,2025/08/15,11,2,2,"08:30:00"
386,2025/08/15,11,2,2,"09:00:00"
387,2025/08/15,11,2,2,"09:30:00"
388,2025/08/15,11,2,2,"10:00:00"
389,2025/08/15,11,2,2,"10:30:00"
390,2025/08/15,11,2,2,"11:00:00"
391,2025/08/15,11,2,2,"11:30:00"
392,2025/08/15,11,2,2,"13:00:00"
393,2025/08/15,11,2,2,"13:30:00"
394,2025/08/15,11,2,2,"14:00:00"
395,2025/08/15,11,2,2,"14:30:00"
396,2025/08/15,11,2,2,"15:00:00"
397,2025/08/15,11,2,2,"15:30:00"
398,2025/08/15,11,2,2,"16:00:00"
399,2025/08/15,11,2,2,"16:30:00"
400,2025/08/15,11,2,2,"17:00:00"
401,2025/08/11,13,2,2,"08:30:00"
402,2025/08/11,13,2,2,"09:00:00"
403,2025/08/11,13,2,2,"09:30:00"
404,2025/08/11,13,2,2,"10:00:00"
405,2025/08/11,13,2,2,"10:30:00"
406,2025/08/11,13,2,2,"11:00:00"
407,2025/08/11,13,2,2,"11:30:00"
408,2025/08/11,13,2,2,"13:00:00"
409,2025/08/11,13,2,2,"13:30:00"
410,2025/08/11,13,2,2,"14:00:00"
411,2025/08/11,13,2,2,"14:30:00"
412,2025/08/11,13,2,2,"15:00:00"
413,2025/08/11,13,2,2,"15:30:00"
414,2025/08/11,13,2,2,"16:00:00"
415,2025/08/11,13,2,2,"16:30:00"
416,2025/08/11,13,2,2,"17:00:00"
417,2025/08/12,13,2,2,"08:30:00"
418,2025/08/12,13,2,2,"09:00:00"
419,2025/08/12,13,2,2,"09:30:00"
420,2025/08/12,13,2,2,"10:00:00"
421,2025/08/12,13,2,2,"10:30:00"
422,2025/08/12,13,2,2,"11:00:00"
423,2025/08/12,13,2,2,"11:30:00"
424,2025/08/12,13,2,2,"13:00:00"
425,2025/08/12,13,2,2,"13:30:00"
426,2025/08/12,13,2,2,"14:00:00"
427,2025/08/12,13,2,2,"14:30:00"
428,2025/08/12,13,2,2,"15:00:00"
429,2025/08/12,13,2,2,"15:30:00"
430,2025/08/12,13,2,2,"16:00:00"
431,2025/08/12,13,2,2,"16:30:00"
432,2025/08/12,13,2,2,"17:00:00"
433,2025/08/13,13,2,2,"08:30:00"
434,2025/08/13,13,2,2,"09:00:00"
435,2025/08/13,13,2,2,"09:30:00"
436,2025/08/13,13,2,2,"10:00:00"
437,2025/08/13,13,2,2,"10:30:00"
438,2025/08/13,13,2,2,"11:00:00"
439,2025/08/13,13,2,2,"11:30:00"
440,2025/08/13,13,2,2,"13:00:00"
441,2025/08/13,13,2,2,"13:30:00"
442,2025/08/13,13,2,2,"14:00:00"
443,2025/08/13,13,2,2,"14:30:00"
444,2025/08/13,13,2,2,"15:00:00"
445,2025/08/13,13,2,2,"15:30:00"
446,2025/08/13,13,2,2,"16:00:00"
447,2025/08/13,13,2,2,"16:30:00"
448,2025/08/13,13,2,2,"17:00:00"
449,2025/08/14,13,2,2,"08:30:00"
450,2025/08/14,13,2,2,"09:00:00"
451,2025/08/14,13,2,2,"09:30:00"
452,2025/08/14,13,2,2,"10:00:00"
453,2025/08/14,13,2,2,"10:30:00"
454,2025/08/14,13,2,2,"11:00:00"
455,2025/08/14,13,2,2,"11:30:00"
456,2025/08/14,13,2,2,"13:00:00"
457,2025/08/14,13,2,2,"13:30:00"
458,2025/08/14,13,2,2,"14:00:00"
459,2025/08/14,13,2,2,"14:30:00"
460,2025/08/14,13,2,2,"15:00:00"
461,2025/08/14,13,2,2,"15:30:00"
462,2025/08/14,13,2,2,"16:00:00"
463,2025/08/14,13,2,2,"16:30:00"
464,2025/08/14,13,2,2,"17:00:00"
465,2025/08/15,13,2,2,"08:30:00"
466,2025/08/15,13,2,2,"09:00:00"
467,2025/08/15,13,2,2,"09:30:00"
468,2025/08/15,13,2,2,"10:00:00"
469,2025/08/15,13,2,2,"10:30:00"
470,2025/08/15,13,2,2,"11:00:00"
471,2025/08/15,13,2,2,"11:30:00"
472,2025/08/15,13,2,2,"13:00:00"
473,2025/08/15,13,2,2,"13:30:00"
474,2025/08/15,13,2,2,"14:00:00"
475,2025/08/15,13,2,2,"14:30:00"
476,2025/08/15,13,2,2,"15:00:00"
477,2025/08/15,13,2,2,"15:30:00"
478,2025/08/15,13,2,2,"16:00:00"
479,2025/08/15,13,2,2,"16:30:00"
480,2025/08/15,13,2,2,"17:00:00"
481,2025/08/11,12,2,2,"08:30:00"
482,2025/08/11,12,2,2,"09:00:00"
483,2025/08/11,12,2,2,"09:30:00"
484,2025/08/11,12,2,2,"10:00:00"
485,2025/08/11,12,2,2,"10:30:00"
486,2025/08/11,12,2,2,"11:00:00"
487,2025/08/11,12,2,2,"11:30:00"
488,2025/08/11,12,2,2,"13:00:00"
489,2025/08/11,12,2,2,"13:30:00"
490,2025/08/11,12,2,2,"14:00:00"
491,2025/08/11,12,2,2,"14:30:00"
492,2025/08/11,12,2,2,"15:00:00"
493,2025/08/11,12,2,2,"15:30:00"
494,2025/08/11,12,2,2,"16:00:00"
495,2025/08/11,12,2,2,"16:30:00"
496,2025/08/11,12,2,2,"17:00:00"
497,2025/08/12,12,2,2,"08:30:00"
498,2025/08/12,12,2,2,"09:00:00"
499,2025/08/12,12,2,2,"09:30:00"
500,2025/08/12,12,2,2,"10:00:00"
501,2025/08/12,12,2,2,"10:30:00"
502,2025/08/12,12,2,2,"11:00:00"
503,2025/08/12,12,2,2,"11:30:00"
504,2025/08/12,12,2,2,"13:00:00"
505,2025/08/12,12,2,2,"13:30:00"
506,2025/08/12,12,2,2,"14:00:00"
507,2025/08/12,12,2,2,"14:30:00"
508,2025/08/12,12,2,2,"15:00:00"
509,2025/08/12,12,2,2,"15:30:00"
510,2025/08/12,12,2,2,"16:00:00"
511,2025/08/12,12,2,2,"16:30:00"
512,2025/08/12,12,2,2,"17:00:00"
513,2025/08/13,12,2,2,"08:30:00"
514,2025/08/13,12,2,2,"09:00:00"
515,2025/08/13,12,2,2,"09:30:00"
516,2025/08/13,12,2,2,"10:00:00"
517,2025/08/13,12,2,2,"10:30:00"
518,2025/08/13,12,2,2,"11:00:00"
519,2025/08/13,12,2,2,"11:30:00"
520,2025/08/13,12,2,2,"13:00:00"
521,2025/08/13,12,2,2,"13:30:00"
522,2025/08/13,12,2,2,"14:00:00"
523,2025/08/13,12,2,2,"14:30:00"
524,2025/08/13,12,2,2,"15:00:00"
525,2025/08/13,12,2,2,"15:30:00"
526,2025/08/13,12,2,2,"16:00:00"
527,2025/08/13,12,2,2,"16:30:00"
528,2025/08/13,12,2,2,"17:00:00"
529,2025/08/14,12,2,2,"08:30:00"
530,2025/08/14,12,2,2,"09:00:00"
531,2025/08/14,12,2,2,"09:30:00"
532,2025/08/14,12,2,2,"10:00:00"
533,2025/08/14,12,2,2,"10:30:00"
534,2025/08/14,12,2,2,"11:00:00"
535,2025/08/14,12,2,2,"11:30:00"
536,2025/08/14,12,2,2,"13:00:00"
537,2025/08/14,12,2,2,"13:30:00"
538,2025/08/14,12,2,2,"14:00:00"
539,2025/08/14,12,2,2,"14:30:00"
540,2025/08/14,12,2,2,"15:00:00"
541,2025/08/14,12,2,2,"15:30:00"
542,2025/08/14,12,2,2,"16:00:00"
543,2025/08/14,12,2,2,"16:30:00"
544,2025/08/14,12,2,2,"17:00:00"
545,2025/08/15,12,2,2,"08:30:00"
546,2025/08/15,12,2,2,"09:00:00"
547,2025/08/15,12,2,2,"09:30:00"
548,2025/08/15,12,2,2,"10:00:00"
549,2025/08/15,12,2,2,"10:30:00"
550,2025/08/15,12,2,2,"11:00:00"
551,2025/08/15,12,2,2,"11:30:00"
552,2025/08/15,12,2,2,"13:00:00"
553,2025/08/15,12,2,2,"13:30:00"
554,2025/08/15,12,2,2,"14:00:00"
555,2025/08/15,12,2,2,"14:30:00"
556,2025/08/15,12,2,2,"15:00:00"
557,2025/08/15,12,2,2,"15:30:00"
558,2025/08/15,12,2,2,"16:00:00"
559,2025/08/15,12,2,2,"16:30:00"
560,2025/08/15,12,2,2,"17:00:00"
561,2025/08/11,10,2,2,"08:30:00"
562,2025/08/11,10,2,2,"09:00:00"
563,2025/08/11,10,2,2,"09:30:00"
564,2025/08/11,10,2,2,"10:00:00"
565,2025/08/11,10,2,2,"10:30:00"
566,2025/08/11,10,2,2,"11:00:00"
567,2025/08/11,10,2,2,"11:30:00"
568,2025/08/11,10,2,2,"13:00:00"
569,2025/08/11,10,2,2,"13:30:00"
570,2025/08/11,10,2,2,"14:00:00"
571,2025/08/11,10,2,2,"14:30:00"
572,2025/08/11,10,2,2,"15:00:00"
573,2025/08/11,10,2,2,"15:30:00"
574,2025/08/11,10,2,2,"16:00:00"
575,2025/08/11,10,2,2,"16:30:00"
576,2025/08/11,10,2,2,"17:00:00"
577,2025/08/12,10,2,2,"08:30:00"
578,2025/08/12,10,2,2,"09:00:00"
579,2025/08/12,10,2,2,"09:30:00"
580,2025/08/12,10,2,2,"10:00:00"
581,2025/08/12,10,2,2,"10:30:00"
582,2025/08/12,10,2,2,"11:00:00"
583,2025/08/12,10,2,2,"11:30:00"
584,2025/08/12,10,2,2,"13:00:00"
585,2025/08/12,10,2,2,"13:30:00"
586,2025/08/12,10,2,2,"14:00:00"
587,2025/08/12,10,2,2,"14:30:00"
588,2025/08/12,10,2,2,"15:00:00"
589,2025/08/12,10,2,2,"15:30:00"
590,2025/08/12,10,2,2,"16:00:00"
591,2025/08/12,10,2,2,"16:30:00"
592,2025/08/12,10,2,2,"17:00:00"
593,2025/08/13,10,2,2,"08:30:00"
594,2025/08/13,10,2,2,"09:00:00"
595,2025/08/13,10,2,2,"09:30:00"
596,2025/08/13,10,2,2,"10:00:00"
597,2025/08/13,10,2,2,"10:30:00"
598,2025/08/13,10,2,2,"11:00:00"
599,2025/08/13,10,2,2,"11:30:00"
600,2025/08/13,10,2,2,"13:00:00"
601,2025/08/13,10,2,2,"13:30:00"
602,2025/08/13,10,2,2,"14:00:00"
603,2025/08/13,10,2,2,"14:30:00"
604,2025/08/13,10,2,2,"15:00:00"
605,2025/08/13,10,2,2,"15:30:00"
606,2025/08/13,10,2,2,"16:00:00"
607,2025/08/13,10,2,2,"16:30:00"
608,2025/08/13,10,2,2,"17:00:00"
609,2025/08/14,10,2,2,"08:30:00"
610,2025/08/14,10,2,2,"09:00:00"
611,2025/08/14,10,2,2,"09:30:00"
612,2025/08/14,10,2,2,"10:00:00"
613,2025/08/14,10,2,2,"10:30:00"
614,2025/08/14,10,2,2,"11:00:00"
615,2025/08/14,10,2,2,"11:30:00"
616,2025/08/14,10,2,2,"13:00:00"
617,2025/08/14,10,2,2,"13:30:00"
618,2025/08/14,10,2,2,"14:00:00"
619,2025/08/14,10,2,2,"14:30:00"
620,2025/08/14,10,2,2,"15:00:00"
621,2025/08/14,10,2,2,"15:30:00"
622,2025/08/14,10,2,2,"16:00:00"
623,2025/08/14,10,2,2,"16:30:00"
624,2025/08/14,10,2,2,"17:00:00"
625,2025/08/15,10,2,2,"08:30:00"
626,2025/08/15,10,2,2,"09:00:00"
627,2025/08/15,10,2,2,"09:30:00"
628,2025/08/15,10,2,2,"10:00:00"
629,2025/08/15,10,2,2,"10:30:00"
630,2025/08/15,10,2,2,"11:00:00"
631,2025/08/15,10,2,2,"11:30:00"
632,2025/08/15,10,2,2,"13:00:00"
633,2025/08/15,10,2,2,"13:30:00"
634,2025/08/15,10,2,2,"14:00:00"
635,2025/08/15,10,2,2,"14:30:00"
636,2025/08/15,10,2,2,"15:00:00"
637,2025/08/15,10,2,2,"15:30:00"
638,2025/08/15,10,2,2,"16:00:00"
639,2025/08/15,10,2,2,"16:30:00"
640,2025/08/15,10,2,2,"17:00:00"
641,2025/08/11,14,2,2,"08:30:00"
642,2025/08/11,14,2,2,"09:00:00"
643,2025/08/11,14,2,2,"09:30:00"
644,2025/08/11,14,2,2,"10:00:00"
645,2025/08/11,14,2,2,"10:30:00"
646,2025/08/11,14,2,2,"11:00:00"
647,2025/08/11,14,2,2,"11:30:00"
648,2025/08/11,14,2,2,"13:00:00"
649,2025/08/11,14,2,2,"13:30:00"
650,2025/08/11,14,2,2,"14:00:00"
651,2025/08/11,14,2,2,"14:30:00"
652,2025/08/11,14,2,2,"15:00:00"
653,2025/08/11,14,2,2,"15:30:00"
654,2025/08/11,14,2,2,"16:00:00"
655,2025/08/11,14,2,2,"16:30:00"
656,2025/08/11,14,2,2,"17:00:00"
657,2025/08/12,14,2,2,"08:30:00"
658,2025/08/12,14,2,2,"09:00:00"
659,2025/08/12,14,2,2,"09:30:00"
660,2025/08/12,14,2,2,"10:00:00"
661,2025/08/12,14,2,2,"10:30:00"
662,2025/08/12,14,2,2,"11:00:00"
663,2025/08/12,14,2,2,"11:30:00"
664,2025/08/12,14,2,2,"13:00:00"
665,2025/08/12,14,2,2,"13:30:00"
666,2025/08/12,14,2,2,"14:00:00"
667,2025/08/12,14,2,2,"14:30:00"
668,2025/08/12,14,2,2,"15:00:00"
669,2025/08/12,14,2,2,"15:30:00"
670,2025/08/12,14,2,2,"16:00:00"
671,2025/08/12,14,2,2,"16:30:00"
672,2025/08/12,14,2,2,"17:00:00"
673,2025/08/13,14,2,2,"08:30:00"
674,2025/08/13,14,2,2,"09:00:00"
675,2025/08/13,14,2,2,"09:30:00"
676,2025/08/13,14,2,2,"10:00:00"
677,2025/08/13,14,2,2,"10:30:00"
678,2025/08/13,14,2,2,"11:00:00"
679,2025/08/13,14,2,2,"11:30:00"
680,2025/08/13,14,2,2,"13:00:00"
681,2025/08/13,14,2,2,"13:30:00"
682,2025/08/13,14,2,2,"14:00:00"
683,2025/08/13,14,2,2,"14:30:00"
684,2025/08/13,14,2,2,"15:00:00"
685,2025/08/13,14,2,2,"15:30:00"
686,2025/08/13,14,2,2,"16:00:00"
687,2025/08/13,14,2,2,"16:30:00"
688,2025/08/13,14,2,2,"17:00:00"
689,2025/08/14,14,2,2,"08:30:00"
690,2025/08/14,14,2,2,"09:00:00"
691,2025/08/14,14,2,2,"09:30:00"
692,2025/08/14,14,2,2,"10:00:00"
693,2025/08/14,14,2,2,"10:30:00"
694,2025/08/14,14,2,2,"11:00:00"
695,2025/08/14,14,2,2,"11:30:00"
696,2025/08/14,14,2,2,"13:00:00"
697,2025/08/14,14,2,2,"13:30:00"
698,2025/08/14,14,2,2,"14:00:00"
699,2025/08/14,14,2,2,"14:30:00"
700,2025/08/14,14,2,2,"15:00:00"
701,2025/08/14,14,2,2,"15:30:00"
702,2025/08/14,14,2,2,"16:00:00"
703,2025/08/14,14,2,2,"16:30:00"
704,2025/08/14,14,2,2,"17:00:00"
705,2025/08/15,14,2,2,"08:30:00"
706,2025/08/15,14,2,2,"09:00:00"
707,2025/08/15,14,2,2,"09:30:00"
708,2025/08/15,14,2,2,"10:00:00"
709,2025/08/15,14,2,2,"10:30:00"
710,2025/08/15,14,2,2,"11:00:00"
711,2025/08/15,14,2,2,"11:30:00"
712,2025/08/15,14,2,2,"13:00:00"
713,2025/08/15,14,2,2,"13:30:00"
714,2025/08/15,14,2,2,"14:00:00"
715,2025/08/15,14,2,2,"14:30:00"
716,2025/08/15,14,2,2,"15:00:00"
717,2025/08/15,14,2,2,"15:30:00"
718,2025/08/15,14,2,2,"16:00:00"
719,2025/08/15,14,2,2,"16:30:00"
720,2025/08/15,14,2,2,"17:00:00"
721,2025/08/12,19,3,2,"08:30:00"
722,2025/08/12,19,3,2,"09:00:00"
723,2025/08/12,19,3,2,"09:30:00"
724,2025/08/12,19,3,2,"10:00:00"
725,2025/08/12,19,3,2,"10:30:00"
726,2025/08/12,19,3,2,"11:00:00"
727,2025/08/12,19,3,2,"11:30:00"
728,2025/08/12,19,3,2,"13:00:00"
729,2025/08/12,19,3,2,"13:30:00"
730,2025/08/12,19,3,2,"14:00:00"
731,2025/08/12,19,3,2,"14:30:00"
732,2025/08/12,19,3,2,"15:00:00"
733,2025/08/12,19,3,2,"15:30:00"
734,2025/08/12,19,3,2,"16:00:00"
735,2025/08/12,19,3,2,"16:30:00"
736,2025/08/12,19,3,2,"17:00:00"
737,2025/08/13,19,3,2,"08:30:00"
738,2025/08/13,19,3,2,"09:00:00"
739,2025/08/13,19,3,2,"09:30:00"
740,2025/08/13,19,3,2,"10:00:00"
741,2025/08/13,19,3,2,"10:30:00"
742,2025/08/13,19,3,2,"11:00:00"
743,2025/08/13,19,3,2,"11:30:00"
744,2025/08/13,19,3,2,"13:00:00"
745,2025/08/13,19,3,2,"13:30:00"
746,2025/08/13,19,3,2,"14:00:00"
747,2025/08/13,19,3,2,"14:30:00"
748,2025/08/13,19,3,2,"15:00:00"
749,2025/08/13,19,3,2,"15:30:00"
750,2025/08/13,19,3,2,"16:00:00"
751,2025/08/13,19,3,2,"16:30:00"
752,2025/08/13,19,3,2,"17:00:00"
753,2025/08/14,19,3,2,"08:30:00"
754,2025/08/14,19,3,2,"09:00:00"
755,2025/08/14,19,3,2,"09:30:00"
756,2025/08/14,19,3,2,"10:00:00"
757,2025/08/14,19,3,2,"10:30:00"
758,2025/08/14,19,3,2,"11:00:00"
759,2025/08/14,19,3,2,"11:30:00"
760,2025/08/14,19,3,2,"13:00:00"
761,2025/08/14,19,3,2,"13:30:00"
762,2025/08/14,19,3,2,"14:00:00"
763,2025/08/14,19,3,2,"14:30:00"
764,2025/08/14,19,3,2,"15:00:00"
765,2025/08/14,19,3,2,"15:30:00"
766,2025/08/14,19,3,2,"16:00:00"
767,2025/08/14,19,3,2,"16:30:00"
768,2025/08/14,19,3,2,"17:00:00"
769,2025/08/15,19,3,2,"08:30:00"
770,2025/08/15,19,3,2,"09:00:00"
771,2025/08/15,19,3,2,"09:30:00"
772,2025/08/15,19,3,2,"10:00:00"
773,2025/08/15,19,3,2,"10:30:00"
774,2025/08/15,19,3,2,"11:00:00"
775,2025/08/15,19,3,2,"11:30:00"
776,2025/08/15,19,3,2,"13:00:00"
777,2025/08/15,19,3,2,"13:30:00"
778,2025/08/15,19,3,2,"14:00:00"
779,2025/08/15,19,3,2,"14:30:00"
780,2025/08/15,19,3,2,"15:00:00"
781,2025/08/15,19,3,2,"15:30:00"
782,2025/08/15,19,3,2,"16:00:00"
783,2025/08/15,19,3,2,"16:30:00"
784,2025/08/15,19,3,2,"17:00:00"
785,2025/08/18,19,3,2,"08:30:00"
786,2025/08/18,19,3,2,"09:00:00"
787,2025/08/18,19,3,2,"09:30:00"
788,2025/08/18,19,3,2,"10:00:00"
789,2025/08/18,19,3,2,"10:30:00"
790,2025/08/18,19,3,2,"11:00:00"
791,2025/08/18,19,3,2,"11:30:00"
792,2025/08/18,19,3,2,"13:00:00"
793,2025/08/18,19,3,2,"13:30:00"
794,2025/08/18,19,3,2,"14:00:00"
795,2025/08/18,19,3,2,"14:30:00"
796,2025/08/18,19,3,2,"15:00:00"
797,2025/08/18,19,3,2,"15:30:00"
798,2025/08/18,19,3,2,"16:00:00"
799,2025/08/18,19,3,2,"16:30:00"
800,2025/08/18,19,3,2,"17:00:00"
801,2025/09/08,19,3,2,"08:30:00"
802,2025/09/08,19,3,2,"09:00:00"
803,2025/09/08,19,3,2,"09:30:00"
804,2025/09/08,19,3,2,"10:00:00"
805,2025/09/08,19,3,2,"10:30:00"
806,2025/09/08,19,3,2,"11:00:00"
807,2025/09/08,19,3,2,"11:30:00"
808,2025/09/08,19,3,2,"13:00:00"
809,2025/09/08,19,3,2,"13:30:00"
810,2025/09/08,19,3,2,"14:00:00"
811,2025/09/08,19,3,2,"14:30:00"
812,2025/09/08,19,3,2,"15:00:00"
813,2025/09/08,19,3,2,"15:30:00"
814,2025/09/08,19,3,2,"16:00:00"
815,2025/09/08,19,3,2,"16:30:00"
816,2025/09/08,19,3,2,"17:00:00"
817,2025/09/09,19,3,2,"08:30:00"
818,2025/09/09,19,3,2,"09:00:00"
819,2025/09/09,19,3,2,"09:30:00"
820,2025/09/09,19,3,2,"10:00:00"
821,2025/09/09,19,3,2,"10:30:00"
822,2025/09/09,19,3,2,"11:00:00"
823,2025/09/09,19,3,2,"11:30:00"
824,2025/09/09,19,3,2,"13:00:00"
825,2025/09/09,19,3,2,"13:30:00"
826,2025/09/09,19,3,2,"14:00:00"
827,2025/09/09,19,3,2,"14:30:00"
828,2025/09/09,19,3,2,"15:00:00"
829,2025/09/09,19,3,2,"15:30:00"
830,2025/09/09,19,3,2,"16:00:00"
831,2025/09/09,19,3,2,"16:30:00"
832,2025/09/09,19,3,2,"17:00:00"
833,2025/09/10,19,3,2,"08:30:00"
834,2025/09/10,19,3,2,"09:00:00"
835,2025/09/10,19,3,2,"09:30:00"
836,2025/09/10,19,3,2,"10:00:00"
837,2025/09/10,19,3,2,"10:30:00"
838,2025/09/10,19,3,2,"11:00:00"
839,2025/09/10,19,3,2,"11:30:00"
840,2025/09/10,19,3,2,"13:00:00"
841,2025/09/10,19,3,2,"13:30:00"
842,2025/09/10,19,3,2,"14:00:00"
843,2025/09/10,19,3,2,"14:30:00"
844,2025/09/10,19,3,2,"15:00:00"
845,2025/09/10,19,3,2,"15:30:00"
846,2025/09/10,19,3,2,"16:00:00"
847,2025/09/10,19,3,2,"16:30:00"
848,2025/09/10,19,3,2,"17:00:00"
849,2025/09/11,19,3,2,"08:30:00"
850,2025/09/11,19,3,2,"09:00:00"
851,2025/09/11,19,3,2,"09:30:00"
852,2025/09/11,19,3,2,"10:00:00"
853,2025/09/11,19,3,2,"10:30:00"
854,2025/09/11,19,3,2,"11:00:00"
855,2025/09/11,19,3,2,"11:30:00"
856,2025/09/11,19,3,2,"13:00:00"
857,2025/09/11,19,3,2,"13:30:00"
858,2025/09/11,19,3,2,"14:00:00"
859,2025/09/11,19,3,2,"14:30:00"
860,2025/09/11,19,3,2,"15:00:00"
861,2025/09/11,19,3,2,"15:30:00"
862,2025/09/11,19,3,2,"16:00:00"
863,2025/09/11,19,3,2,"16:30:00"
864,2025/09/11,19,3,2,"17:00:00"
865,2025/09/12,19,3,2,"08:30:00"
866,2025/09/12,19,3,2,"09:00:00"
867,2025/09/12,19,3,2,"09:30:00"
868,2025/09/12,19,3,2,"10:00:00"
869,2025/09/12,19,3,2,"10:30:00"
870,2025/09/12,19,3,2,"11:00:00"
871,2025/09/12,19,3,2,"11:30:00"
872,2025/09/12,19,3,2,"13:00:00"
873,2025/09/12,19,3,2,"13:30:00"
874,2025/09/12,19,3,2,"14:00:00"
875,2025/09/12,19,3,2,"14:30:00"
876,2025/09/12,19,3,2,"15:00:00"
877,2025/09/12,19,3,2,"15:30:00"
878,2025/09/12,19,3,2,"16:00:00"
879,2025/09/12,19,3,2,"16:30:00"
880,2025/09/12,19,3,2,"17:00:00"
881,2025/08/12,18,3,2,"08:30:00"
882,2025/08/12,18,3,2,"09:00:00"
883,2025/08/12,18,3,2,"09:30:00"
884,2025/08/12,18,3,2,"10:00:00"
885,2025/08/12,18,3,2,"10:30:00"
886,2025/08/12,18,3,2,"11:00:00"
887,2025/08/12,18,3,2,"11:30:00"
888,2025/08/12,18,3,2,"13:00:00"
889,2025/08/12,18,3,2,"13:30:00"
890,2025/08/12,18,3,2,"14:00:00"
891,2025/08/12,18,3,2,"14:30:00"
892,2025/08/12,18,3,2,"15:00:00"
893,2025/08/12,18,3,2,"15:30:00"
894,2025/08/12,18,3,2,"16:00:00"
895,2025/08/12,18,3,2,"16:30:00"
896,2025/08/12,18,3,2,"17:00:00"
897,2025/08/13,18,3,2,"08:30:00"
898,2025/08/13,18,3,2,"09:00:00"
899,2025/08/13,18,3,2,"09:30:00"
900,2025/08/13,18,3,2,"10:00:00"
901,2025/08/13,18,3,2,"10:30:00"
902,2025/08/13,18,3,2,"11:00:00"
903,2025/08/13,18,3,2,"11:30:00"
904,2025/08/13,18,3,2,"13:00:00"
905,2025/08/13,18,3,2,"13:30:00"
906,2025/08/13,18,3,2,"14:00:00"
907,2025/08/13,18,3,2,"14:30:00"
908,2025/08/13,18,3,2,"15:00:00"
909,2025/08/13,18,3,2,"15:30:00"
910,2025/08/13,18,3,2,"16:00:00"
911,2025/08/13,18,3,2,"16:30:00"
912,2025/08/13,18,3,2,"17:00:00"
913,2025/08/14,18,3,2,"08:30:00"
914,2025/08/14,18,3,2,"09:00:00"
915,2025/08/14,18,3,2,"09:30:00"
916,2025/08/14,18,3,2,"10:00:00"
917,2025/08/14,18,3,2,"10:30:00"
918,2025/08/14,18,3,2,"11:00:00"
919,2025/08/14,18,3,2,"11:30:00"
920,2025/08/14,18,3,2,"13:00:00"
921,2025/08/14,18,3,2,"13:30:00"
922,2025/08/14,18,3,2,"14:00:00"
923,2025/08/14,18,3,2,"14:30:00"
924,2025/08/14,18,3,2,"15:00:00"
925,2025/08/14,18,3,2,"15:30:00"
926,2025/08/14,18,3,2,"16:00:00"
927,2025/08/14,18,3,2,"16:30:00"
928,2025/08/14,18,3,2,"17:00:00"
929,2025/08/15,18,3,2,"08:30:00"
930,2025/08/15,18,3,2,"09:00:00"
931,2025/08/15,18,3,2,"09:30:00"
932,2025/08/15,18,3,2,"10:00:00"
933,2025/08/15,18,3,2,"10:30:00"
934,2025/08/15,18,3,2,"11:00:00"
935,2025/08/15,18,3,2,"11:30:00"
936,2025/08/15,18,3,2,"13:00:00"
937,2025/08/15,18,3,2,"13:30:00"
938,2025/08/15,18,3,2,"14:00:00"
939,2025/08/15,18,3,2,"14:30:00"
940,2025/08/15,18,3,2,"15:00:00"
941,2025/08/15,18,3,2,"15:30:00"
942,2025/08/15,18,3,2,"16:00:00"
943,2025/08/15,18,3,2,"16:30:00"
944,2025/08/15,18,3,2,"17:00:00"
945,2025/08/18,18,3,2,"08:30:00"
946,2025/08/18,18,3,2,"09:00:00"
947,2025/08/18,18,3,2,"09:30:00"
948,2025/08/18,18,3,2,"10:00:00"
949,2025/08/18,18,3,2,"10:30:00"
950,2025/08/18,18,3,2,"11:00:00"
951,2025/08/18,18,3,2,"11:30:00"
952,2025/08/18,18,3,2,"13:00:00"
953,2025/08/18,18,3,2,"13:30:00"
954,2025/08/18,18,3,2,"14:00:00"
955,2025/08/18,18,3,2,"14:30:00"
956,2025/08/18,18,3,2,"15:00:00"
957,2025/08/18,18,3,2,"15:30:00"
958,2025/08/18,18,3,2,"16:00:00"
959,2025/08/18,18,3,2,"16:30:00"
960,2025/08/18,18,3,2,"17:00:00"
961,2025/09/08,18,3,2,"08:30:00"
962,2025/09/08,18,3,2,"09:00:00"
963,2025/09/08,18,3,2,"09:30:00"
964,2025/09/08,18,3,2,"10:00:00"
965,2025/09/08,18,3,2,"10:30:00"
966,2025/09/08,18,3,2,"11:00:00"
967,2025/09/08,18,3,2,"11:30:00"
968,2025/09/08,18,3,2,"13:00:00"
969,2025/09/08,18,3,2,"13:30:00"
970,2025/09/08,18,3,2,"14:00:00"
971,2025/09/08,18,3,2,"14:30:00"
972,2025/09/08,18,3,2,"15:00:00"
973,2025/09/08,18,3,2,"15:30:00"
974,2025/09/08,18,3,2,"16:00:00"
975,2025/09/08,18,3,2,"16:30:00"
976,2025/09/08,18,3,2,"17:00:00"
977,2025/09/09,18,3,2,"08:30:00"
978,2025/09/09,18,3,2,"09:00:00"
979,2025/09/09,18,3,2,"09:30:00"
980,2025/09/09,18,3,2,"10:00:00"
981,2025/09/09,18,3,2,"10:30:00"
982,2025/09/09,18,3,2,"11:00:00"
983,2025/09/09,18,3,2,"11:30:00"
984,2025/09/09,18,3,2,"13:00:00"
985,2025/09/09,18,3,2,"13:30:00"
986,2025/09/09,18,3,2,"14:00:00"
987,2025/09/09,18,3,2,"14:30:00"
988,2025/09/09,18,3,2,"15:00:00"
989,2025/09/09,18,3,2,"15:30:00"
990,2025/09/09,18,3,2,"16:00:00"
991,2025/09/09,18,3,2,"16:30:00"
992,2025/09/09,18,3,2,"17:00:00"
993,2025/09/10,18,3,2,"08:30:00"
994,2025/09/10,18,3,2,"09:00:00"
995,2025/09/10,18,3,2,"09:30:00"
996,2025/09/10,18,3,2,"10:00:00"
997,2025/09/10,18,3,2,"10:30:00"
998,2025/09/10,18,3,2,"11:00:00"
999,2025/09/10,18,3,2,"11:30:00"
1000,2025/09/10,18,3,2,"13:00:00"
1001,2025/09/10,18,3,2,"13:30:00"
1002,2025/09/10,18,3,2,"14:00:00"
1003,2025/09/10,18,3,2,"14:30:00"
1004,2025/09/10,18,3,2,"15:00:00"
1005,2025/09/10,18,3,2,"15:30:00"
1006,2025/09/10,18,3,2,"16:00:00"
1007,2025/09/10,18,3,2,"16:30:00"
1008,2025/09/10,18,3,2,"17:00:00"
1009,2025/09/11,18,3,2,"08:30:00"
1010,2025/09/11,18,3,2,"09:00:00"
1011,2025/09/11,18,3,2,"09:30:00"
1012,2025/09/11,18,3,2,"10:00:00"
1013,2025/09/11,18,3,2,"10:30:00"
1014,2025/09/11,18,3,2,"11:00:00"
1015,2025/09/11,18,3,2,"11:30:00"
1016,2025/09/11,18,3,2,"13:00:00"
1017,2025/09/11,18,3,2,"13:30:00"
1018,2025/09/11,18,3,2,"14:00:00"
1019,2025/09/11,18,3,2,"14:30:00"
1020,2025/09/11,18,3,2,"15:00:00"
1021,2025/09/11,18,3,2,"15:30:00"
1022,2025/09/11,18,3,2,"16:00:00"
1023,2025/09/11,18,3,2,"16:30:00"
1024,2025/09/11,18,3,2,"17:00:00"
1025,2025/09/12,18,3,2,"08:30:00"
1026,2025/09/12,18,3,2,"09:00:00"
1027,2025/09/12,18,3,2,"09:30:00"
1028,2025/09/12,18,3,2,"10:00:00"
1029,2025/09/12,18,3,2,"10:30:00"
1030,2025/09/12,18,3,2,"11:00:00"
1031,2025/09/12,18,3,2,"11:30:00"
1032,2025/09/12,18,3,2,"13:00:00"
1033,2025/09/12,18,3,2,"13:30:00"
1034,2025/09/12,18,3,2,"14:00:00"
1035,2025/09/12,18,3,2,"14:30:00"
1036,2025/09/12,18,3,2,"15:00:00"
1037,2025/09/12,18,3,2,"15:30:00"
1038,2025/09/12,18,3,2,"16:00:00"
1039,2025/09/12,18,3,2,"16:30:00"
1040,2025/09/12,18,3,2,"17:00:00"
1041,2025/08/12,17,3,2,"08:30:00"
1042,2025/08/12,17,3,2,"09:00:00"
1043,2025/08/12,17,3,2,"09:30:00"
1044,2025/08/12,17,3,2,"10:00:00"
1045,2025/08/12,17,3,2,"10:30:00"
1046,2025/08/12,17,3,2,"11:00:00"
1047,2025/08/12,17,3,2,"11:30:00"
1048,2025/08/12,17,3,2,"13:00:00"
1049,2025/08/12,17,3,2,"13:30:00"
1050,2025/08/12,17,3,2,"14:00:00"
1051,2025/08/12,17,3,2,"14:30:00"
1052,2025/08/12,17,3,2,"15:00:00"
1053,2025/08/12,17,3,2,"15:30:00"
1054,2025/08/12,17,3,2,"16:00:00"
1055,2025/08/12,17,3,2,"16:30:00"
1056,2025/08/12,17,3,2,"17:00:00"
1057,2025/08/13,17,3,2,"08:30:00"
1058,2025/08/13,17,3,2,"09:00:00"
1059,2025/08/13,17,3,2,"09:30:00"
1060,2025/08/13,17,3,2,"10:00:00"
1061,2025/08/13,17,3,2,"10:30:00"
1062,2025/08/13,17,3,2,"11:00:00"
1063,2025/08/13,17,3,2,"11:30:00"
1064,2025/08/13,17,3,2,"13:00:00"
1065,2025/08/13,17,3,2,"13:30:00"
1066,2025/08/13,17,3,2,"14:00:00"
1067,2025/08/13,17,3,2,"14:30:00"
1068,2025/08/13,17,3,2,"15:00:00"
1069,2025/08/13,17,3,2,"15:30:00"
1070,2025/08/13,17,3,2,"16:00:00"
1071,2025/08/13,17,3,2,"16:30:00"
1072,2025/08/13,17,3,2,"17:00:00"
1073,2025/08/14,17,3,2,"08:30:00"
1074,2025/08/14,17,3,2,"09:00:00"
1075,2025/08/14,17,3,2,"09:30:00"
1076,2025/08/14,17,3,2,"10:00:00"
1077,2025/08/14,17,3,2,"10:30:00"
1078,2025/08/14,17,3,2,"11:00:00"
1079,2025/08/14,17,3,2,"11:30:00"
1080,2025/08/14,17,3,2,"13:00:00"
1081,2025/08/14,17,3,2,"13:30:00"
1082,2025/08/14,17,3,2,"14:00:00"
1083,2025/08/14,17,3,2,"14:30:00"
1084,2025/08/14,17,3,2,"15:00:00"
1085,2025/08/14,17,3,2,"15:30:00"
1086,2025/08/14,17,3,2,"16:00:00"
1087,2025/08/14,17,3,2,"16:30:00"
1088,2025/08/14,17,3,2,"17:00:00"
1089,2025/08/15,17,3,2,"08:30:00"
1090,2025/08/15,17,3,2,"09:00:00"
1091,2025/08/15,17,3,2,"09:30:00"
1092,2025/08/15,17,3,2,"10:00:00"
1093,2025/08/15,17,3,2,"10:30:00"
1094,2025/08/15,17,3,2,"11:00:00"
1095,2025/08/15,17,3,2,"11:30:00"
1096,2025/08/15,17,3,2,"13:00:00"
1097,2025/08/15,17,3,2,"13:30:00"
1098,2025/08/15,17,3,2,"14:00:00"
1099,2025/08/15,17,3,2,"14:30:00"
1100,2025/08/15,17,3,2,"15:00:00"
1101,2025/08/15,17,3,2,"15:30:00"
1102,2025/08/15,17,3,2,"16:00:00"
1103,2025/08/15,17,3,2,"16:30:00"
1104,2025/08/15,17,3,2,"17:00:00"
1105,2025/08/18,17,3,2,"08:30:00"
1106,2025/08/18,17,3,2,"09:00:00"
1107,2025/08/18,17,3,2,"09:30:00"
1108,2025/08/18,17,3,2,"10:00:00"
1109,2025/08/18,17,3,2,"10:30:00"
1110,2025/08/18,17,3,2,"11:00:00"
1111,2025/08/18,17,3,2,"11:30:00"
1112,2025/08/18,17,3,2,"13:00:00"
1113,2025/08/18,17,3,2,"13:30:00"
1114,2025/08/18,17,3,2,"14:00:00"
1115,2025/08/18,17,3,2,"14:30:00"
1116,2025/08/18,17,3,2,"15:00:00"
1117,2025/08/18,17,3,2,"15:30:00"
1118,2025/08/18,17,3,2,"16:00:00"
1119,2025/08/18,17,3,2,"16:30:00"
1120,2025/08/18,17,3,2,"17:00:00"
1121,2025/09/08,17,3,2,"08:30:00"
1122,2025/09/08,17,3,2,"09:00:00"
1123,2025/09/08,17,3,2,"09:30:00"
1124,2025/09/08,17,3,2,"10:00:00"
1125,2025/09/08,17,3,2,"10:30:00"
1126,2025/09/08,17,3,2,"11:00:00"
1127,2025/09/08,17,3,2,"11:30:00"
1128,2025/09/08,17,3,2,"13:00:00"
1129,2025/09/08,17,3,2,"13:30:00"
1130,2025/09/08,17,3,2,"14:00:00"
1131,2025/09/08,17,3,2,"14:30:00"
1132,2025/09/08,17,3,2,"15:00:00"
1133,2025/09/08,17,3,2,"15:30:00"
1134,2025/09/08,17,3,2,"16:00:00"
1135,2025/09/08,17,3,2,"16:30:00"
1136,2025/09/08,17,3,2,"17:00:00"
1137,2025/09/09,17,3,2,"08:30:00"
1138,2025/09/09,17,3,2,"09:00:00"
1139,2025/09/09,17,3,2,"09:30:00"
1140,2025/09/09,17,3,2,"10:00:00"
1141,2025/09/09,17,3,2,"10:30:00"
1142,2025/09/09,17,3,2,"11:00:00"
1143,2025/09/09,17,3,2,"11:30:00"
1144,2025/09/09,17,3,2,"13:00:00"
1145,2025/09/09,17,3,2,"13:30:00"
1146,2025/09/09,17,3,2,"14:00:00"
1147,2025/09/09,17,3,2,"14:30:00"
1148,2025/09/09,17,3,2,"15:00:00"
1149,2025/09/09,17,3,2,"15:30:00"
1150,2025/09/09,17,3,2,"16:00:00"
1151,2025/09/09,17,3,2,"16:30:00"
1152,2025/09/09,17,3,2,"17:00:00"
1153,2025/09/10,17,3,2,"08:30:00"
1154,2025/09/10,17,3,2,"09:00:00"
1155,2025/09/10,17,3,2,"09:30:00"
1156,2025/09/10,17,3,2,"10:00:00"
1157,2025/09/10,17,3,2,"10:30:00"
1158,2025/09/10,17,3,2,"11:00:00"
1159,2025/09/10,17,3,2,"11:30:00"
1160,2025/09/10,17,3,2,"13:00:00"
1161,2025/09/10,17,3,2,"13:30:00"
1162,2025/09/10,17,3,2,"14:00:00"
1163,2025/09/10,17,3,2,"14:30:00"
1164,2025/09/10,17,3,2,"15:00:00"
1165,2025/09/10,17,3,2,"15:30:00"
1166,2025/09/10,17,3,2,"16:00:00"
1167,2025/09/10,17,3,2,"16:30:00"
1168,2025/09/10,17,3,2,"17:00:00"
1169,2025/09/11,17,3,2,"08:30:00"
1170,2025/09/11,17,3,2,"09:00:00"
1171,2025/09/11,17,3,2,"09:30:00"
1172,2025/09/11,17,3,2,"10:00:00"
1173,2025/09/11,17,3,2,"10:30:00"
1174,2025/09/11,17,3,2,"11:00:00"
1175,2025/09/11,17,3,2,"11:30:00"
1176,2025/09/11,17,3,2,"13:00:00"
1177,2025/09/11,17,3,2,"13:30:00"
1178,2025/09/11,17,3,2,"14:00:00"
1179,2025/09/11,17,3,2,"14:30:00"
1180,2025/09/11,17,3,2,"15:00:00"
1181,2025/09/11,17,3,2,"15:30:00"
1182,2025/09/11,17,3,2,"16:00:00"
1183,2025/09/11,17,3,2,"16:30:00"
1184,2025/09/11,17,3,2,"17:00:00"
1185,2025/09/12,17,3,2,"08:30:00"
1186,2025/09/12,17,3,2,"09:00:00"
1187,2025/09/12,17,3,2,"09:30:00"
1188,2025/09/12,17,3,2,"10:00:00"
1189,2025/09/12,17,3,2,"10:30:00"
1190,2025/09/12,17,3,2,"11:00:00"
1191,2025/09/12,17,3,2,"11:30:00"
1192,2025/09/12,17,3,2,"13:00:00"
1193,2025/09/12,17,3,2,"13:30:00"
1194,2025/09/12,17,3,2,"14:00:00"
1195,2025/09/12,17,3,2,"14:30:00"
1196,2025/09/12,17,3,2,"15:00:00"
1197,2025/09/12,17,3,2,"15:30:00"
1198,2025/09/12,17,3,2,"16:00:00"
1199,2025/09/12,17,3,2,"16:30:00"
1200,2025/09/12,17,3,2,"17:00:00"
1201,2025/08/12,16,3,2,"08:30:00"
1202,2025/08/12,16,3,2,"09:00:00"
1203,2025/08/12,16,3,2,"09:30:00"
1204,2025/08/12,16,3,2,"10:00:00"
1205,2025/08/12,16,3,2,"10:30:00"
1206,2025/08/12,16,3,2,"11:00:00"
1207,2025/08/12,16,3,2,"11:30:00"
1208,2025/08/12,16,3,2,"13:00:00"
1209,2025/08/12,16,3,2,"13:30:00"
1210,2025/08/12,16,3,2,"14:00:00"
1211,2025/08/12,16,3,2,"14:30:00"
1212,2025/08/12,16,3,2,"15:00:00"
1213,2025/08/12,16,3,2,"15:30:00"
1214,2025/08/12,16,3,2,"16:00:00"
1215,2025/08/12,16,3,2,"16:30:00"
1216,2025/08/12,16,3,2,"17:00:00"
1217,2025/08/13,16,3,2,"08:30:00"
1218,2025/08/13,16,3,2,"09:00:00"
1219,2025/08/13,16,3,2,"09:30:00"
1220,2025/08/13,16,3,2,"10:00:00"
1221,2025/08/13,16,3,2,"10:30:00"
1222,2025/08/13,16,3,2,"11:00:00"
1223,2025/08/13,16,3,2,"11:30:00"
1224,2025/08/13,16,3,2,"13:00:00"
1225,2025/08/13,16,3,2,"13:30:00"
1226,2025/08/13,16,3,2,"14:00:00"
1227,2025/08/13,16,3,2,"14:30:00"
1228,2025/08/13,16,3,2,"15:00:00"
1229,2025/08/13,16,3,2,"15:30:00"
1230,2025/08/13,16,3,2,"16:00:00"
1231,2025/08/13,16,3,2,"16:30:00"
1232,2025/08/13,16,3,2,"17:00:00"
1233,2025/08/14,16,3,2,"08:30:00"
1234,2025/08/14,16,3,2,"09:00:00"
1235,2025/08/14,16,3,2,"09:30:00"
1236,2025/08/14,16,3,2,"10:00:00"
1237,2025/08/14,16,3,2,"10:30:00"
1238,2025/08/14,16,3,2,"11:00:00"
1239,2025/08/14,16,3,2,"11:30:00"
1240,2025/08/14,16,3,2,"13:00:00"
1241,2025/08/14,16,3,2,"13:30:00"
1242,2025/08/14,16,3,2,"14:00:00"
1243,2025/08/14,16,3,2,"14:30:00"
1244,2025/08/14,16,3,2,"15:00:00"
1245,2025/08/14,16,3,2,"15:30:00"
1246,2025/08/14,16,3,2,"16:00:00"
1247,2025/08/14,16,3,2,"16:30:00"
1248,2025/08/14,16,3,2,"17:00:00"
1249,2025/08/15,16,3,2,"08:30:00"
1250,2025/08/15,16,3,2,"09:00:00"
1251,2025/08/15,16,3,2,"09:30:00"
1252,2025/08/15,16,3,2,"10:00:00"
1253,2025/08/15,16,3,2,"10:30:00"
1254,2025/08/15,16,3,2,"11:00:00"
1255,2025/08/15,16,3,2,"11:30:00"
1256,2025/08/15,16,3,2,"13:00:00"
1257,2025/08/15,16,3,2,"13:30:00"
1258,2025/08/15,16,3,2,"14:00:00"
1259,2025/08/15,16,3,2,"14:30:00"
1260,2025/08/15,16,3,2,"15:00:00"
1261,2025/08/15,16,3,2,"15:30:00"
1262,2025/08/15,16,3,2,"16:00:00"
1263,2025/08/15,16,3,2,"16:30:00"
1264,2025/08/15,16,3,2,"17:00:00"
1265,2025/08/18,16,3,2,"08:30:00"
1266,2025/08/18,16,3,2,"09:00:00"
1267,2025/08/18,16,3,2,"09:30:00"
1268,2025/08/18,16,3,2,"10:00:00"
1269,2025/08/18,16,3,2,"10:30:00"
1270,2025/08/18,16,3,2,"11:00:00"
1271,2025/08/18,16,3,2,"11:30:00"
1272,2025/08/18,16,3,2,"13:00:00"
1273,2025/08/18,16,3,2,"13:30:00"
1274,2025/08/18,16,3,2,"14:00:00"
1275,2025/08/18,16,3,2,"14:30:00"
1276,2025/08/18,16,3,2,"15:00:00"
1277,2025/08/18,16,3,2,"15:30:00"
1278,2025/08/18,16,3,2,"16:00:00"
1279,2025/08/18,16,3,2,"16:30:00"
1280,2025/08/18,16,3,2,"17:00:00"
1281,2025/09/08,16,3,2,"08:30:00"
1282,2025/09/08,16,3,2,"09:00:00"
1283,2025/09/08,16,3,2,"09:30:00"
1284,2025/09/08,16,3,2,"10:00:00"
1285,2025/09/08,16,3,2,"10:30:00"
1286,2025/09/08,16,3,2,"11:00:00"
1287,2025/09/08,16,3,2,"11:30:00"
1288,2025/09/08,16,3,2,"13:00:00"
1289,2025/09/08,16,3,2,"13:30:00"
1290,2025/09/08,16,3,2,"14:00:00"
1291,2025/09/08,16,3,2,"14:30:00"
1292,2025/09/08,16,3,2,"15:00:00"
1293,2025/09/08,16,3,2,"15:30:00"
1294,2025/09/08,16,3,2,"16:00:00"
1295,2025/09/08,16,3,2,"16:30:00"
1296,2025/09/08,16,3,2,"17:00:00"
1297,2025/09/09,16,3,2,"08:30:00"
1298,2025/09/09,16,3,2,"09:00:00"
1299,2025/09/09,16,3,2,"09:30:00"
1300,2025/09/09,16,3,2,"10:00:00"
1301,2025/09/09,16,3,2,"10:30:00"
1302,2025/09/09,16,3,2,"11:00:00"
1303,2025/09/09,16,3,2,"11:30:00"
1304,2025/09/09,16,3,2,"13:00:00"
1305,2025/09/09,16,3,2,"13:30:00"
1306,2025/09/09,16,3,2,"14:00:00"
1307,2025/09/09,16,3,2,"14:30:00"
1308,2025/09/09,16,3,2,"15:00:00"
1309,2025/09/09,16,3,2,"15:30:00"
1310,2025/09/09,16,3,2,"16:00:00"
1311,2025/09/09,16,3,2,"16:30:00"
1312,2025/09/09,16,3,2,"17:00:00"
1313,2025/09/10,16,3,2,"08:30:00"
1314,2025/09/10,16,3,2,"09:00:00"
1315,2025/09/10,16,3,2,"09:30:00"
1316,2025/09/10,16,3,2,"10:00:00"
1317,2025/09/10,16,3,2,"10:30:00"
1318,2025/09/10,16,3,2,"11:00:00"
1319,2025/09/10,16,3,2,"11:30:00"
1320,2025/09/10,16,3,2,"13:00:00"
1321,2025/09/10,16,3,2,"13:30:00"
1322,2025/09/10,16,3,2,"14:00:00"
1323,2025/09/10,16,3,2,"14:30:00"
1324,2025/09/10,16,3,2,"15:00:00"
1325,2025/09/10,16,3,2,"15:30:00"
1326,2025/09/10,16,3,2,"16:00:00"
1327,2025/09/10,16,3,2,"16:30:00"
1328,2025/09/10,16,3,2,"17:00:00"
1329,2025/09/11,16,3,2,"08:30:00"
1330,2025/09/11,16,3,2,"09:00:00"
1331,2025/09/11,16,3,2,"09:30:00"
1332,2025/09/11,16,3,2,"10:00:00"
1333,2025/09/11,16,3,2,"10:30:00"
1334,2025/09/11,16,3,2,"11:00:00"
1335,2025/09/11,16,3,2,"11:30:00"
1336,2025/09/11,16,3,2,"13:00:00"
1337,2025/09/11,16,3,2,"13:30:00"
1338,2025/09/11,16,3,2,"14:00:00"
1339,2025/09/11,16,3,2,"14:30:00"
1340,2025/09/11,16,3,2,"15:00:00"
1341,2025/09/11,16,3,2,"15:30:00"
1342,2025/09/11,16,3,2,"16:00:00"
1343,2025/09/11,16,3,2,"16:30:00"
1344,2025/09/11,16,3,2,"17:00:00"
1345,2025/09/12,16,3,2,"08:30:00"
1346,2025/09/12,16,3,2,"09:00:00"
1347,2025/09/12,16,3,2,"09:30:00"
1348,2025/09/12,16,3,2,"10:00:00"
1349,2025/09/12,16,3,2,"10:30:00"
1350,2025/09/12,16,3,2,"11:00:00"
1351,2025/09/12,16,3,2,"11:30:00"
1352,2025/09/12,16,3,2,"13:00:00"
1353,2025/09/12,16,3,2,"13:30:00"
1354,2025/09/12,16,3,2,"14:00:00"
1355,2025/09/12,16,3,2,"14:30:00"
1356,2025/09/12,16,3,2,"15:00:00"
1357,2025/09/12,16,3,2,"15:30:00"
1358,2025/09/12,16,3,2,"16:00:00"
1359,2025/09/12,16,3,2,"16:30:00"
1360,2025/09/12,16,3,2,"17:00:00"
1361,2025/08/12,20,3,2,"08:30:00"
1362,2025/08/12,20,3,2,"09:00:00"
1363,2025/08/12,20,3,2,"09:30:00"
1364,2025/08/12,20,3,2,"10:00:00"
1365,2025/08/12,20,3,2,"10:30:00"
1366,2025/08/12,20,3,2,"11:00:00"
1367,2025/08/12,20,3,2,"11:30:00"
1368,2025/08/12,20,3,2,"13:00:00"
1369,2025/08/12,20,3,2,"13:30:00"
1370,2025/08/12,20,3,2,"14:00:00"
1371,2025/08/12,20,3,2,"14:30:00"
1372,2025/08/12,20,3,2,"15:00:00"
1373,2025/08/12,20,3,2,"15:30:00"
1374,2025/08/12,20,3,2,"16:00:00"
1375,2025/08/12,20,3,2,"16:30:00"
1376,2025/08/12,20,3,2,"17:00:00"
1377,2025/08/13,20,3,2,"08:30:00"
1378,2025/08/13,20,3,2,"09:00:00"
1379,2025/08/13,20,3,2,"09:30:00"
1380,2025/08/13,20,3,2,"10:00:00"
1381,2025/08/13,20,3,2,"10:30:00"
1382,2025/08/13,20,3,2,"11:00:00"
1383,2025/08/13,20,3,2,"11:30:00"
1384,2025/08/13,20,3,2,"13:00:00"
1385,2025/08/13,20,3,2,"13:30:00"
1386,2025/08/13,20,3,2,"14:00:00"
1387,2025/08/13,20,3,2,"14:30:00"
1388,2025/08/13,20,3,2,"15:00:00"
1389,2025/08/13,20,3,2,"15:30:00"
1390,2025/08/13,20,3,2,"16:00:00"
1391,2025/08/13,20,3,2,"16:30:00"
1392,2025/08/13,20,3,2,"17:00:00"
1393,2025/08/14,20,3,2,"08:30:00"
1394,2025/08/14,20,3,2,"09:00:00"
1395,2025/08/14,20,3,2,"09:30:00"
1396,2025/08/14,20,3,2,"10:00:00"
1397,2025/08/14,20,3,2,"10:30:00"
1398,2025/08/14,20,3,2,"11:00:00"
1399,2025/08/14,20,3,2,"11:30:00"
1400,2025/08/14,20,3,2,"13:00:00"
1401,2025/08/14,20,3,2,"13:30:00"
1402,2025/08/14,20,3,2,"14:00:00"
1403,2025/08/14,20,3,2,"14:30:00"
1404,2025/08/14,20,3,2,"15:00:00"
1405,2025/08/14,20,3,2,"15:30:00"
1406,2025/08/14,20,3,2,"16:00:00"
1407,2025/08/14,20,3,2,"16:30:00"
1408,2025/08/14,20,3,2,"17:00:00"
1409,2025/08/15,20,3,2,"08:30:00"
1410,2025/08/15,20,3,2,"09:00:00"
1411,2025/08/15,20,3,2,"09:30:00"
1412,2025/08/15,20,3,2,"10:00:00"
1413,2025/08/15,20,3,2,"10:30:00"
1414,2025/08/15,20,3,2,"11:00:00"
1415,2025/08/15,20,3,2,"11:30:00"
1416,2025/08/15,20,3,2,"13:00:00"
1417,2025/08/15,20,3,2,"13:30:00"
1418,2025/08/15,20,3,2,"14:00:00"
1419,2025/08/15,20,3,2,"14:30:00"
1420,2025/08/15,20,3,2,"15:00:00"
1421,2025/08/15,20,3,2,"15:30:00"
1422,2025/08/15,20,3,2,"16:00:00"
1423,2025/08/15,20,3,2,"16:30:00"
1424,2025/08/15,20,3,2,"17:00:00"
1425,2025/08/18,20,3,2,"08:30:00"
1426,2025/08/18,20,3,2,"09:00:00"
1427,2025/08/18,20,3,2,"09:30:00"
1428,2025/08/18,20,3,2,"10:00:00"
1429,2025/08/18,20,3,2,"10:30:00"
1430,2025/08/18,20,3,2,"11:00:00"
1431,2025/08/18,20,3,2,"11:30:00"
1432,2025/08/18,20,3,2,"13:00:00"
1433,2025/08/18,20,3,2,"13:30:00"
1434,2025/08/18,20,3,2,"14:00:00"
1435,2025/08/18,20,3,2,"14:30:00"
1436,2025/08/18,20,3,2,"15:00:00"
1437,2025/08/18,20,3,2,"15:30:00"
1438,2025/08/18,20,3,2,"16:00:00"
1439,2025/08/18,20,3,2,"16:30:00"
1440,2025/08/18,20,3,2,"17:00:00"
1441,2025/09/08,20,3,2,"08:30:00"
1442,2025/09/08,20,3,2,"09:00:00"
1443,2025/09/08,20,3,2,"09:30:00"
1444,2025/09/08,20,3,2,"10:00:00"
1445,2025/09/08,20,3,2,"10:30:00"
1446,2025/09/08,20,3,2,"11:00:00"
1447,2025/09/08,20,3,2,"11:30:00"
1448,2025/09/08,20,3,2,"13:00:00"
1449,2025/09/08,20,3,2,"13:30:00"
1450,2025/09/08,20,3,2,"14:00:00"
1451,2025/09/08,20,3,2,"14:30:00"
1452,2025/09/08,20,3,2,"15:00:00"
1453,2025/09/08,20,3,2,"15:30:00"
1454,2025/09/08,20,3,2,"16:00:00"
1455,2025/09/08,20,3,2,"16:30:00"
1456,2025/09/08,20,3,2,"17:00:00"
1457,2025/09/09,20,3,2,"08:30:00"
1458,2025/09/09,20,3,2,"09:00:00"
1459,2025/09/09,20,3,2,"09:30:00"
1460,2025/09/09,20,3,2,"10:00:00"
1461,2025/09/09,20,3,2,"10:30:00"
1462,2025/09/09,20,3,2,"11:00:00"
1463,2025/09/09,20,3,2,"11:30:00"
1464,2025/09/09,20,3,2,"13:00:00"
1465,2025/09/09,20,3,2,"13:30:00"
1466,2025/09/09,20,3,2,"14:00:00"
1467,2025/09/09,20,3,2,"14:30:00"
1468,2025/09/09,20,3,2,"15:00:00"
1469,2025/09/09,20,3,2,"15:30:00"
1470,2025/09/09,20,3,2,"16:00:00"
1471,2025/09/09,20,3,2,"16:30:00"
1472,2025/09/09,20,3,2,"17:00:00"
1473,2025/09/10,20,3,2,"08:30:00"
1474,2025/09/10,20,3,2,"09:00:00"
1475,2025/09/10,20,3,2,"09:30:00"
1476,2025/09/10,20,3,2,"10:00:00"
1477,2025/09/10,20,3,2,"10:30:00"
1478,2025/09/10,20,3,2,"11:00:00"
1479,2025/09/10,20,3,2,"11:30:00"
1480,2025/09/10,20,3,2,"13:00:00"
1481,2025/09/10,20,3,2,"13:30:00"
1482,2025/09/10,20,3,2,"14:00:00"
1483,2025/09/10,20,3,2,"14:30:00"
1484,2025/09/10,20,3,2,"15:00:00"
1485,2025/09/10,20,3,2,"15:30:00"
1486,2025/09/10,20,3,2,"16:00:00"
1487,2025/09/10,20,3,2,"16:30:00"
1488,2025/09/10,20,3,2,"17:00:00"
1489,2025/09/11,20,3,2,"08:30:00"
1490,2025/09/11,20,3,2,"09:00:00"
1491,2025/09/11,20,3,2,"09:30:00"
1492,2025/09/11,20,3,2,"10:00:00"
1493,2025/09/11,20,3,2,"10:30:00"
1494,2025/09/11,20,3,2,"11:00:00"
1495,2025/09/11,20,3,2,"11:30:00"
1496,2025/09/11,20,3,2,"13:00:00"
1497,2025/09/11,20,3,2,"13:30:00"
1498,2025/09/11,20,3,2,"14:00:00"
1499,2025/09/11,20,3,2,"14:30:00"
1500,2025/09/11,20,3,2,"15:00:00"
1501,2025/09/11,20,3,2,"15:30:00"
1502,2025/09/11,20,3,2,"16:00:00"
1503,2025/09/11,20,3,2,"16:30:00"
1504,2025/09/11,20,3,2,"17:00:00"
1505,2025/09/12,20,3,2,"08:30:00"
1506,2025/09/12,20,3,2,"09:00:00"
1507,2025/09/12,20,3,2,"09:30:00"
1508,2025/09/12,20,3,2,"10:00:00"
1509,2025/09/12,20,3,2,"10:30:00"
1510,2025/09/12,20,3,2,"11:00:00"
1511,2025/09/12,20,3,2,"11:30:00"
1512,2025/09/12,20,3,2,"13:00:00"
1513,2025/09/12,20,3,2,"13:30:00"
1514,2025/09/12,20,3,2,"14:00:00"
1515,2025/09/12,20,3,2,"14:30:00"
1516,2025/09/12,20,3,2,"15:00:00"
1517,2025/09/12,20,3,2,"15:30:00"
1518,2025/09/12,20,3,2,"16:00:00"
1519,2025/09/12,20,3,2,"16:30:00"
1520,2025/09/12,20,3,2,"17:00:00"
