"id","staff_id","tech_stack_id","proficiency_level_id","created_at","updated_at"
1,18,1,3,,
2,18,3,4,,
3,18,5,3,,
4,1,1,3,,
5,1,2,2,,
6,1,3,4,,
7,1,4,3,,
8,1,11,2,,
9,1,12,2,,
10,1,13,2,,
11,1,14,2,,
12,1,15,5,,
13,1,16,2,,
14,1,17,2,,
15,1,18,2,,
16,1,20,5,,
17,1,22,5,,
18,1,25,3,,
19,2,1,2,,
20,2,3,2,,
21,2,4,3,,
22,2,5,2,,
23,2,10,2,,
24,2,11,2,,
25,2,12,2,,
26,2,13,3,,
27,2,14,2,,
28,2,15,5,,
29,2,17,2,,
30,2,18,2,,
31,2,19,3,,
32,2,20,3,,
33,2,22,5,,
34,2,25,2,,
35,3,1,5,,
36,3,2,4,,
37,3,4,2,,
38,3,6,3,,
39,3,11,2,,
40,3,12,2,,
41,3,13,2,,
42,3,14,2,,
43,3,15,2,,
44,3,17,3,,
45,3,18,3,,
46,3,19,2,,
47,3,20,2,,
48,3,22,5,,
49,3,25,2,,
50,4,1,2,,
51,4,3,2,,
52,4,5,2,,
53,4,11,2,,
54,4,12,3,,
55,4,13,2,,
56,4,14,3,,
57,4,15,2,,
58,4,16,5,,
59,4,17,5,,
60,4,18,2,,
61,4,19,2,,
62,4,20,2,,
63,4,22,5,,
64,4,25,2,,
65,5,1,4,,
66,5,2,3,,
67,5,4,2,,
68,5,6,3,,
69,5,11,2,,
70,5,12,2,,
71,5,13,2,,
72,5,14,3,,
73,5,15,3,,
74,5,16,2,,
75,5,17,2,,
76,5,18,2,,
77,5,19,4,,
78,5,20,4,,
79,5,25,2,,
80,6,1,2,,
81,6,3,3,,
82,6,5,2,,
83,6,12,3,,
84,6,13,3,,
85,6,14,3,,
86,6,15,2,,
87,6,17,3,,
88,6,18,3,,
89,6,19,2,,
90,6,20,2,,
91,6,22,5,,
92,6,25,2,,
93,7,1,4,,
94,7,4,4,,
95,7,5,3,,
96,7,12,2,,
97,7,13,2,,
98,7,14,2,,
99,7,15,2,,
100,7,16,3,,
101,7,17,3,,
102,7,18,3,,
103,7,19,2,,
104,7,20,2,,
105,7,22,5,,
106,7,25,3,,
107,8,1,2,,
108,8,2,4,,
109,8,3,2,,
110,8,5,3,,
111,8,11,2,,
112,8,12,2,,
113,8,13,2,,
114,8,14,3,,
115,8,15,4,,
116,8,16,3,,
117,8,17,2,,
118,8,18,2,,
119,8,19,5,,
120,8,20,5,,
121,8,22,5,,
122,8,25,2,,
123,9,1,2,,
124,9,3,2,,
125,9,4,3,,
126,9,6,4,,
127,9,12,2,,
128,9,13,2,,
129,9,14,5,,
130,9,15,2,,
131,9,17,4,,
132,9,18,4,,
133,9,19,2,,
134,9,20,2,,
135,9,22,5,,
136,9,25,2,,
137,10,1,2,,
138,10,2,3,,
139,10,3,2,,
140,10,5,4,,
141,10,11,2,,
142,10,12,2,,
143,10,13,2,,
144,10,14,2,,
145,10,15,2,,
146,10,17,4,,
147,10,18,4,,
148,10,19,4,,
149,10,20,4,,
150,10,22,5,,
151,10,25,2,,
152,11,1,4,,
153,11,2,3,,
154,11,3,2,,
155,11,4,3,,
156,11,6,2,,
157,11,12,2,,
158,11,13,2,,
159,11,15,2,,
160,11,17,2,,
161,11,18,2,,
162,11,19,3,,
163,11,20,3,,
164,11,22,5,,
165,11,25,2,,
166,12,1,3,,
167,12,3,2,,
168,12,5,3,,
169,12,6,4,,
170,12,10,5,,
171,12,11,2,,
172,12,12,2,,
173,12,13,2,,
174,12,15,2,,
175,12,17,4,,
176,12,18,4,,
177,12,19,2,,
178,12,20,2,,
179,12,23,5,,
180,12,25,2,,
181,13,2,2,,
182,13,3,2,,
183,13,4,3,,
184,13,6,2,,
185,13,11,2,,
186,13,12,2,,
187,13,13,2,,
188,13,14,2,,
189,13,15,3,,
190,13,16,3,,
191,13,17,4,,
192,13,18,4,,
193,13,19,3,,
194,13,20,3,,
195,13,22,5,,
196,13,25,2,,
197,15,1,2,,
198,15,4,2,,
199,15,5,3,,
200,15,6,2,,
201,15,12,2,,
202,15,13,2,,
203,15,14,3,,
204,15,15,2,,
205,15,16,3,,
206,15,17,3,,
207,15,18,3,,
208,15,19,4,,
209,15,20,5,,
210,15,22,2,,
211,15,25,5,,
212,14,1,5,,
213,14,2,4,,
214,14,3,3,,
215,14,4,2,,
216,14,12,2,,
217,14,13,2,,
218,14,14,2,,
219,14,15,3,,
220,14,16,5,,
221,14,17,2,,
222,14,18,2,,
223,14,19,2,,
224,14,20,4,,
225,14,22,2,,
226,14,25,5,,
227,16,1,3,,
228,16,2,4,,
229,16,3,2,,
230,16,7,5,,
231,16,11,2,,
232,16,12,2,,
233,16,13,2,,
234,16,14,2,,
235,16,16,5,,
236,16,17,2,,
237,16,18,2,,
238,16,19,5,,
239,16,20,5,,
240,16,22,2,,
241,16,25,2,,
242,17,1,2,,
243,17,2,4,,
244,17,3,3,,
245,17,4,2,,
246,17,5,3,,
247,17,6,4,,
248,17,11,2,,
249,17,12,2,,
250,17,13,2,,
251,17,14,5,,
252,17,15,2,,
253,17,16,5,,
254,17,17,5,,
255,17,18,5,,
256,17,19,3,,
257,17,20,3,,
258,17,22,2,,
259,17,25,2,,
260,19,2,4,,
261,19,4,3,,
262,19,6,2,,
263,19,11,2,,
264,19,12,2,,
265,19,13,2,,
266,19,15,2,,
267,19,17,3,,
268,19,18,3,,
269,19,19,4,,
270,19,20,4,,
271,19,22,5,,
272,19,25,2,,
273,20,1,5,,
274,20,3,4,,
275,20,5,3,,
276,20,10,2,,
277,20,11,2,,
278,20,12,3,,
279,20,13,2,,
280,20,14,3,,
281,20,15,4,,
282,20,16,5,,
283,20,17,3,,
284,20,18,2,,
285,20,19,2,,
286,20,21,5,,
287,20,22,5,,
288,20,25,2,,
